{"cameraMode":{"drawMode":0,"name":"Shaded","section":"Shading Mode"},"sceneLighting":true,"audioPlay":false,"sceneViewState":{"showFog":true,"showMaterialUpdate":false,"showSkybox":true,"showFlares":true,"showImageEffects":true,"showParticleSystems":true},"in2DMode":false,"pivot":{"x":99.8293228149414,"y":7.214603900909424,"z":-95.38077545166016},"rotation":{"x":-0.1774858832359314,"y":-0.14090323448181153,"z":0.02568492665886879,"w":-0.9736495018005371},"size":4.053165435791016,"orthographic":false}